id,name,parent_id
1,レディース,1
2,トップス,1-1
3,Tシャツ/カットソー(半袖/袖なし),1-1-1
4,Tシャツ/カットソー(七分/長袖),1-1-2
5,シャツ/ブラウス(半袖/袖なし),1-1-3
6,シャツ/ブラウス(七分/長袖),1-1-4
7,ポロシャツ,1-1-5
8,キャミソール,1-1-6
9,タンクトップ,1-1-7
10,ホルターネック,1-1-8
11,ニット/セーター,1-1-9
12,チュニック,1-1-10
13,カーディガン/ボレロ,1-1-11
14,アンサンブル,1-1-12
15,ベスト/ジレ,1-1-13
16,パーカー,1-1-14
17,トレーナー/スウェット,1-1-15
18,ベアトップ/チューブトップ,1-1-16
19,ジャージ,1-1-17
20,その他,1-1-18
21,ジャケット/アウター,1-2
22,テーラードジャケット,1-2-1
23,ノーカラージャケット,1-2-2
24,Gジャン/デニムジャケット,1-2-3
25,レザージャケット,1-2-4
26,ダウンジャケット,1-2-5
27,ライダースジャケット,1-2-6
28,ミリタリージャケット,1-2-7
29,ダウンベスト,1-2-8
30,ジャンパー/ブルゾン,1-2-9
31,ポンチョ,1-2-10
32,ロングコート,1-2-11
33,トレンチコート,1-2-12
34,ダッフルコート,1-2-13
35,ピーコート,1-2-14
36,チェスターコート,1-2-15
37,モッズコート,1-2-16
38,スタジャン,1-2-17
39,毛皮/ファーコート,1-2-18
40,スプリングコート,1-2-19
41,スカジャン,1-2-20
42,その他,1-2-21
43,パンツ,1-3
44,デニム/ジーンズ,1-3-1
45,ショートパンツ,1-3-2
46,カジュアルパンツ,1-3-3
47,ハーフパンツ,1-3-4
48,チノパン,1-3-5
49,ワークパンツ/カーゴパンツ,1-3-6
50,クロップドパンツ,1-3-7
51,サロペット/オーバーオール,1-3-8
52,オールインワン,1-3-9
53,サルエルパンツ,1-3-10
54,ガウチョパンツ,1-3-11
55,その他,1-3-12
56,スカート,1-4
57,ミニスカート,1-4-1
58,ひざ丈スカート,1-4-2
59,ロングスカート,1-4-3
60,キュロット,1-4-4
61,その他,1-4-5
62,ワンピース,1-5
63,ミニワンピース,1-5-1
64,ひざ丈ワンピース,1-5-2
65,ロングワンピース,1-5-3
66,その他,1-5-4
67,靴,1-6
68,ハイヒール/パンプス,1-6-1
69,ブーツ,1-6-2
70,サンダル,1-6-3
71,スニーカー,1-6-4
72,ミュール,1-6-5
73,モカシン,1-6-6
74,ローファー/革靴,1-6-7
75,フラットシューズ/バレエシューズ,1-6-8
76,長靴/レインシューズ,1-6-9
77,その他,1-6-10
78,ルームウェア/パジャマ,1-7
79,パジャマ,1-7-1
80,ルームウェア,1-7-2
81,レッグウェア,1-8
82,ソックス,1-8-1
83,スパッツ/レギンス,1-8-2
84,ストッキング/タイツ,1-8-3
85,レッグウォーマー,1-8-4
86,その他,1-8-5
87,帽子,1-9
88,ニットキャップ/ビーニー,1-9-1
89,ハット,1-9-2
90,ハンチング/ベレー帽,1-9-3
91,キャップ,1-9-4
92,キャスケット,1-9-5
93,麦わら帽子,1-9-6
94,その他,1-9-7
95,バッグ,1-10
96,ハンドバッグ,1-10-1
97,トートバッグ,1-10-2
98,エコバッグ,1-10-3
99,リュック/バックパック,1-10-4
100,ボストンバッグ,1-10-5
101,スポーツバッグ,1-10-6
102,ショルダーバッグ,1-10-7
103,クラッチバッグ,1-10-8
104,ポーチ/バニティ,1-10-9
105,ボディバッグ/ウェストバッグ,1-10-10
106,マザーズバッグ,1-10-11
107,メッセンジャーバッグ,1-10-12
108,ビジネスバッグ,1-10-13
109,旅行用バッグ/キャリーバッグ,1-10-14
110,ショップ袋,1-10-15
111,和装用バッグ,1-10-16
112,かごバッグ,1-10-17
113,その他,1-10-18
114,アクセサリー,1-11
115,ネックレス,1-11-1
116,ブレスレット,1-11-2
117,バングル/リストバンド,1-11-3
118,リング,1-11-4
119,ピアス(片耳用),1-11-5
120,ピアス(両耳用),1-11-6
121,イヤリング,1-11-7
122,アンクレット,1-11-8
123,ブローチ/コサージュ,1-11-9
124,チャーム,1-11-10
125,その他,1-11-11
126,ヘアアクセサリー,1-12
127,ヘアゴム/シュシュ,1-12-1
128,ヘアバンド/カチューシャ,1-12-2
129,ヘアピン,1-12-3
130,その他,1-12-4
131,小物,1-13
132,長財布,1-13-1
133,折り財布,1-13-2
134,コインケース/小銭入れ,1-13-3
135,名刺入れ/定期入れ,1-13-4
136,キーケース,1-13-5
137,キーホルダー,1-13-6
138,手袋/アームカバー,1-13-7
139,ハンカチ,1-13-8
140,ベルト,1-13-9
141,マフラー/ショール,1-13-10
142,ストール/スヌード,1-13-11
143,バンダナ/スカーフ,1-13-12
144,ネックウォーマー,1-13-13
145,サスペンダー,1-13-14
146,サングラス/メガネ,1-13-15
147,モバイルケース/カバー,1-13-16
148,手帳,1-13-17
149,イヤマフラー,1-13-18
150,傘,1-13-19
151,レインコート/ポンチョ,1-13-20
152,ミラー,1-13-21
153,タバコグッズ,1-13-22
154,その他,1-13-23
155,時計,1-14
156,腕時計(アナログ),1-14-1
157,腕時計(デジタル),1-14-2
158,ラバーベルト,1-14-3
159,レザーベルト,1-14-4
160,金属ベルト,1-14-5
161,その他,1-14-6
162,ウィッグ/エクステ,1-15
163,前髪ウィッグ,1-15-1
164,ロングストレート,1-15-2
165,ロングカール,1-15-3
166,ショートストレート,1-15-4
167,ショートカール,1-15-5
168,その他,1-15-6
169,浴衣/水着,1-16
170,浴衣,1-16-1
171,着物,1-16-2
172,振袖,1-16-3
173,長襦袢/半襦袢,1-16-4
174,水着セパレート,1-16-5
175,水着ワンピース,1-16-6
176,水着スポーツ用,1-16-7
177,その他,1-16-8
178,スーツ/フォーマル/ドレス,1-17
179,スカートスーツ上下,1-17-1
180,パンツスーツ上下,1-17-2
181,ドレス,1-17-3
182,パーティーバッグ,1-17-4
183,シューズ,1-17-5
184,ウェディング,1-17-6
185,その他,1-17-7
186,マタニティ,1-18
187,トップス,1-18-1
188,アウター,1-18-2
189,インナー,1-18-3
190,ワンピース,1-18-4
191,パンツ/スパッツ,1-18-5
192,スカート,1-18-6
193,パジャマ,1-18-7
194,授乳服,1-18-8
195,その他,1-18-9
196,その他,1-19
197,コスプレ,1-19-1
198,下着,1-19-2
199,その他,1-19-3
200,メンズ,2
201,トップス,2-1
202,Tシャツ/カットソー(半袖/袖なし),2-1-1
203,Tシャツ/カットソー(七分/長袖),2-1-2
204,シャツ,2-1-3
205,ポロシャツ,2-1-4
206,タンクトップ,2-1-5
207,ニット/セーター,2-1-6
208,パーカー,2-1-7
209,カーディガン,2-1-8
210,スウェット,2-1-9
211,ジャージ,2-1-10
212,ベスト,2-1-11
213,その他,2-1-12
214,ジャケット/アウター,2-2
215,テーラードジャケット,2-2-1
216,ノーカラージャケット,2-2-2
217,Gジャン/デニムジャケット,2-2-3
218,レザージャケット,2-2-4
219,ダウンジャケット,2-2-5
220,ライダースジャケット,2-2-6
221,ミリタリージャケット,2-2-7
222,ナイロンジャケット,2-2-8
223,フライトジャケット,2-2-9
224,ダッフルコート,2-2-10
225,ピーコート,2-2-11
226,ステンカラーコート,2-2-12
227,トレンチコート,2-2-13
228,モッズコート,2-2-14
229,チェスターコート,2-2-15
230,スタジャン,2-2-16
231,スカジャン,2-2-17
232,ブルゾン,2-2-18
233,マウンテンパーカー,2-2-19
234,ダウンベスト,2-2-20
235,ポンチョ,2-2-21
236,カバーオール,2-2-22
237,その他,2-2-23
238,パンツ,2-3
239,デニム/ジーンズ,2-3-1
240,ワークパンツ/カーゴパンツ,2-3-2
241,スラックス,2-3-3
242,チノパン,2-3-4
243,ショートパンツ,2-3-5
244,ペインターパンツ,2-3-6
245,サルエルパンツ,2-3-7
246,オーバーオール,2-3-8
247,その他,2-3-9
248,靴,2-4
249,スニーカー,2-4-1
250,サンダル,2-4-2
251,ブーツ,2-4-3
252,モカシン,2-4-4
253,ドレス/ビジネス,2-4-5
254,長靴/レインシューズ,2-4-6
255,デッキシューズ,2-4-7
256,その他,2-4-8
257,バッグ,2-5
258,ショルダーバッグ,2-5-1
259,トートバッグ,2-5-2
260,ボストンバッグ,2-5-3
261,リュック/バックパック,2-5-4
262,ウエストポーチ,2-5-5
263,ボディーバッグ,2-5-6
264,ドラムバッグ,2-5-7
265,ビジネスバッグ,2-5-8
266,トラベルバッグ,2-5-9
267,メッセンジャーバッグ,2-5-10
268,エコバッグ,2-5-11
269,その他,2-5-12
270,スーツ,2-6
271,スーツジャケット,2-6-1
272,スーツベスト,2-6-2
273,スラックス,2-6-3
274,セットアップ,2-6-4
275,その他,2-6-5
276,帽子,2-7
277,キャップ,2-7-1
278,ハット,2-7-2
279,ニットキャップ/ビーニー,2-7-3
280,ハンチング/ベレー帽,2-7-4
281,キャスケット,2-7-5
282,サンバイザー,2-7-6
283,その他,2-7-7
284,アクセサリー,2-8
285,ネックレス,2-8-1
286,ブレスレット,2-8-2
287,バングル/リストバンド,2-8-3
288,リング,2-8-4
289,ピアス(片耳用),2-8-5
290,ピアス(両耳用),2-8-6
291,アンクレット,2-8-7
292,その他,2-8-8
293,小物,2-9
294,長財布,2-9-1
295,折り財布,2-9-2
296,マネークリップ,2-9-3
297,コインケース/小銭入れ,2-9-4
298,名刺入れ/定期入れ,2-9-5
299,キーケース,2-9-6
300,キーホルダー,2-9-7
301,ネクタイ,2-9-8
302,手袋,2-9-9
303,ハンカチ,2-9-10
304,ベルト,2-9-11
305,マフラー,2-9-12
306,ストール,2-9-13
307,バンダナ,2-9-14
308,ネックウォーマー,2-9-15
309,サスペンダー,2-9-16
310,ウォレットチェーン,2-9-17
311,サングラス/メガネ,2-9-18
312,モバイルケース/カバー,2-9-19
313,手帳,2-9-20
314,ストラップ,2-9-21
315,ネクタイピン,2-9-22
316,カフリンクス,2-9-23
317,イヤマフラー,2-9-24
318,傘,2-9-25
319,レインコート,2-9-26
320,ミラー,2-9-27
321,タバコグッズ,2-9-28
322,その他,2-9-29
323,時計,2-10
324,腕時計(アナログ),2-10-1
325,腕時計(デジタル),2-10-2
326,ラバーベルト,2-10-3
327,レザーベルト,2-10-4
328,金属ベルト,2-10-5
329,その他,2-10-6
330,水着,2-11
331,一般水着,2-11-1
332,スポーツ用,2-11-2
333,アクセサリー,2-11-3
334,その他,2-11-4
335,レッグウェア,2-12
336,ソックス,2-12-1
337,レギンス/スパッツ,2-12-2
338,レッグウォーマー,2-12-3
339,その他,2-12-4
340,アンダーウェア,2-13
341,トランクス,2-13-1
342,ボクサーパンツ,2-13-2
343,その他,2-13-3
344,その他,2-14
345,ベビー・キッズ,3
346,ベビー服(女の子用)  ~95cm,3-1
347,トップス,3-1-1
348,アウター,3-1-2
349,パンツ,3-1-3
350,スカート,3-1-4
351,ワンピース,3-1-5
352,ベビードレス,3-1-6
353,おくるみ,3-1-7
354,下着/肌着,3-1-8
355,パジャマ,3-1-9
356,ロンパース,3-1-10
357,その他,3-1-11
358,ベビー服(男の子用)  ~95cm,3-2
359,トップス,3-2-1
360,アウター,3-2-2
361,パンツ,3-2-3
362,おくるみ,3-2-4
363,下着/肌着,3-2-5
364,パジャマ,3-2-6
365,ロンパース,3-2-7
366,その他,3-2-8
367,ベビー服(男女兼用)  ~95cm,3-3
368,トップス,3-3-1
369,アウター,3-3-2
370,パンツ,3-3-3
371,おくるみ,3-3-4
372,下着/肌着,3-3-5
373,パジャマ,3-3-6
374,ロンパース,3-3-7
375,その他,3-3-8
376,キッズ服(女の子用) 100cm~,3-4
377,コート,3-4-1
378,ジャケット/上着,3-4-2
379,トップス(Tシャツ/カットソー),3-4-3
380,トップス(トレーナー),3-4-4
381,トップス(チュニック),3-4-5
382,トップス(タンクトップ),3-4-6
383,トップス(その他),3-4-7
384,スカート,3-4-8
385,パンツ,3-4-9
386,ワンピース,3-4-10
387,セットアップ,3-4-11
388,パジャマ,3-4-12
389,フォーマル/ドレス,3-4-13
390,和服,3-4-14
391,浴衣,3-4-15
392,甚平,3-4-16
393,水着,3-4-17
394,その他,3-4-18
395,キッズ服(男の子用) 100cm~,3-5
396,コート,3-5-1
397,ジャケット/上着,3-5-2
398,トップス(Tシャツ/カットソー),3-5-3
399,トップス(トレーナー),3-5-4
400,トップス(その他),3-5-5
401,パンツ,3-5-6
402,セットアップ,3-5-7
403,パジャマ,3-5-8
404,フォーマル/ドレス,3-5-9
405,和服,3-5-10
406,浴衣,3-5-11
407,甚平,3-5-12
408,水着,3-5-13
409,その他,3-5-14
410,キッズ服(男女兼用) 100cm~,3-6
411,コート,3-6-1
412,ジャケット/上着,3-6-2
413,トップス(Tシャツ/カットソー),3-6-3
414,トップス(トレーナー),3-6-4
415,トップス(その他),3-6-5
416,ボトムス,3-6-6
417,パジャマ,3-6-7
418,その他,3-6-8
419,キッズ靴,3-7
420,スニーカー,3-7-1
421,サンダル,3-7-2
422,ブーツ,3-7-3
423,長靴,3-7-4
424,その他,3-7-5
425,子ども用ファッション小物,3-8
426,靴下/スパッツ,3-8-1
427,帽子,3-8-2
428,エプロン,3-8-3
429,サスペンダー,3-8-4
430,タイツ,3-8-5
431,ハンカチ,3-8-6
432,バンダナ,3-8-7
433,ベルト,3-8-8
434,マフラー,3-8-9
435,傘,3-8-10
436,手袋,3-8-11
437,スタイ,3-8-12
438,バッグ,3-8-13
439,その他,3-8-14
440,おむつ/トイレ/バス,3-9
441,おむつ用品,3-9-1
442,おまる/補助便座,3-9-2
443,トレーニングパンツ,3-9-3
444,ベビーバス,3-9-4
445,お風呂用品,3-9-5
446,その他,3-9-6
447,外出/移動用品,3-10
448,ベビーカー,3-10-1
449,抱っこひも/スリング,3-10-2
450,チャイルドシート,3-10-3
451,その他,3-10-4
452,授乳/食事,3-11
453,ミルク,3-11-1
454,ベビーフード,3-11-2
455,ベビー用食器,3-11-3
456,その他,3-11-4
457,ベビー家具/寝具/室内用品,3-12
458,ベッド,3-12-1
459,布団/毛布,3-12-2
460,イス,3-12-3
461,たんす,3-12-4
462,その他,3-12-5
463,おもちゃ,3-13
464,おふろのおもちゃ,3-13-1
465,がらがら,3-13-2
466,オルゴール,3-13-3
467,ベビージム,3-13-4
468,手押し車/カタカタ,3-13-5
469,知育玩具,3-13-6
470,その他,3-13-7
471,行事/記念品,3-14
472,お宮参り用品,3-14-1
473,お食い初め用品,3-14-2
474,アルバム,3-14-3
475,手形/足形,3-14-4
476,その他,3-14-5
477,その他,3-15
478,母子手帳用品,3-15-1
479,その他,3-15-2
480,インテリア・住まい・小物,4
481,キッチン/食器,4-1
482,食器,4-1-1
483,調理器具,4-1-2
484,収納/キッチン雑貨,4-1-3
485,弁当用品,4-1-4
486,カトラリー(スプーン等),4-1-5
487,テーブル用品,4-1-6
488,容器,4-1-7
489,エプロン,4-1-8
490,アルコールグッズ,4-1-9
491,浄水機,4-1-10
492,その他,4-1-11
493,ベッド/マットレス,4-2
494,セミシングルベッド,4-2-1
495,シングルベッド,4-2-2
496,セミダブルベッド,4-2-3
497,ダブルベッド,4-2-4
498,ワイドダブルベッド,4-2-5
499,クイーンベッド,4-2-6
500,キングベッド,4-2-7
501,脚付きマットレスベッド,4-2-8
502,マットレス,4-2-9
503,すのこベッド,4-2-10
504,ロフトベッド/システムベッド,4-2-11
505,簡易ベッド/折りたたみベッド,4-2-12
506,収納付き,4-2-13
507,その他,4-2-14
508,ソファ/ソファベッド,4-3
509,ソファセット,4-3-1
510,シングルソファ,4-3-2
511,ラブソファ,4-3-3
512,トリプルソファ,4-3-4
513,オットマン,4-3-5
514,コーナーソファ,4-3-6
515,ビーズソファ/クッションソファ,4-3-7
516,ローソファ/フロアソファ,4-3-8
517,ソファベッド,4-3-9
518,応接セット,4-3-10
519,ソファカバー,4-3-11
520,リクライニングソファ,4-3-12
521,その他,4-3-13
522,椅子/チェア,4-4
523,一般,4-4-1
524,スツール,4-4-2
525,ダイニングチェア,4-4-3
526,ハイバックチェア,4-4-4
527,ロッキングチェア,4-4-5
528,座椅子,4-4-6
529,折り畳みイス,4-4-7
530,デスクチェア,4-4-8
531,その他,4-4-9
532,机/テーブル,4-5
533,こたつ,4-5-1
534,カウンターテーブル,4-5-2
535,サイドテーブル,4-5-3
536,センターテーブル,4-5-4
537,ダイニングテーブル,4-5-5
538,座卓/ちゃぶ台,4-5-6
539,アウトドア用,4-5-7
540,パソコン用,4-5-8
541,事務机/学習机,4-5-9
542,その他,4-5-10
543,収納家具,4-6
544,リビング収納,4-6-1
545,キッチン収納,4-6-2
546,玄関/屋外収納,4-6-3
547,バス/トイレ収納,4-6-4
548,本収納,4-6-5
549,本/CD/DVD収納,4-6-6
550,洋服タンス/押入れ収納,4-6-7
551,電話台/ファックス台,4-6-8
552,ドレッサー/鏡台,4-6-9
553,棚/ラック,4-6-10
554,ケース/ボックス,4-6-11
555,その他,4-6-12
556,ラグ/カーペット/マット,4-7
557,ラグ,4-7-1
558,カーペット,4-7-2
559,ホットカーペット,4-7-3
560,玄関/キッチンマット,4-7-4
561,トイレ/バスマット,4-7-5
562,その他,4-7-6
563,カーテン/ブラインド,4-8
564,カーテン,4-8-1
565,ブラインド,4-8-2
566,ロールスクリーン,4-8-3
567,のれん,4-8-4
568,その他,4-8-5
569,ライト/照明,4-9
570,蛍光灯/電球,4-9-1
571,天井照明,4-9-2
572,フロアスタンド,4-9-3
573,その他,4-9-4
574,寝具,4-10
575,布団/毛布,4-10-1
576,枕,4-10-2
577,シーツ/カバー,4-10-3
578,その他,4-10-4
579,インテリア小物,4-11
580,ごみ箱,4-11-1
581,ウェルカムボード,4-11-2
582,オルゴール,4-11-3
583,クッション,4-11-4
584,クッションカバー,4-11-5
585,スリッパラック,4-11-6
586,ティッシュボックス,4-11-7
587,バスケット/かご,4-11-8
588,フォトフレーム,4-11-9
589,マガジンラック,4-11-10
590,モビール,4-11-11
591,花瓶,4-11-12
592,灰皿,4-11-13
593,傘立て,4-11-14
594,小物入れ,4-11-15
595,置時計,4-11-16
596,掛時計/柱時計,4-11-17
597,鏡(立て掛け式),4-11-18
598,鏡(壁掛け式),4-11-19
599,置物,4-11-20
600,風鈴,4-11-21
601,植物/観葉植物,4-11-22
602,その他,4-11-23
603,季節/年中行事,4-12
604,正月,4-12-1
605,成人式,4-12-2
606,バレンタインデー,4-12-3
607,ひな祭り,4-12-4
608,子どもの日,4-12-5
609,母の日,4-12-6
610,父の日,4-12-7
611,サマーギフト/お中元,4-12-8
612,夏/夏休み,4-12-9
613,ハロウィン,4-12-10
614,敬老の日,4-12-11
615,七五三,4-12-12
616,お歳暮,4-12-13
617,クリスマス,4-12-14
618,冬一般,4-12-15
619,その他,4-12-16
620,その他,4-13
621,本・音楽・ゲーム,5
622,本,5-1
623,文学/小説,5-1-1
624,人文/社会,5-1-2
625,ノンフィクション/教養,5-1-3
626,地図/旅行ガイド,5-1-4
627,ビジネス/経済,5-1-5
628,健康/医学,5-1-6
629,コンピュータ/IT,5-1-7
630,趣味/スポーツ/実用,5-1-8
631,住まい/暮らし/子育て,5-1-9
632,アート/エンタメ,5-1-10
633,洋書,5-1-11
634,絵本,5-1-12
635,参考書,5-1-13
636,その他,5-1-14
637,漫画,5-2
638,全巻セット,5-2-1
639,少年漫画,5-2-2
640,少女漫画,5-2-3
641,青年漫画,5-2-4
642,女性漫画,5-2-5
643,同人誌,5-2-6
644,その他,5-2-7
645,雑誌,5-3
646,アート/エンタメ/ホビー,5-3-1
647,ファッション,5-3-2
648,ニュース/総合,5-3-3
649,趣味/スポーツ,5-3-4
650,その他,5-3-5
651,CD,5-4
652,邦楽,5-4-1
653,洋楽,5-4-2
654,アニメ,5-4-3
655,クラシック,5-4-4
656,K-POP/アジア,5-4-5
657,キッズ/ファミリー,5-4-6
658,その他,5-4-7
659,DVD/ブルーレイ,5-5
660,外国映画,5-5-1
661,日本映画,5-5-2
662,アニメ,5-5-3
663,TVドラマ,5-5-4
664,ミュージック,5-5-5
665,お笑い/バラエティ,5-5-6
666,スポーツ/フィットネス,5-5-7
667,キッズ/ファミリー,5-5-8
668,その他,5-5-9
669,レコード,5-6
670,邦楽,5-6-1
671,洋楽,5-6-2
672,その他,5-6-3
673,テレビゲーム,5-7
674,家庭用ゲーム本体,5-7-1
675,家庭用ゲームソフト,5-7-2
676,携帯用ゲーム本体,5-7-3
677,携帯用ゲームソフト,5-7-4
678,PCゲーム,5-7-5
679,その他,5-7-6
680,おもちゃ・ホビー・グッズ,6
681,おもちゃ,6-1
682,キャラクターグッズ,6-1-1
683,ぬいぐるみ,6-1-2
684,小物/アクセサリー,6-1-3
685,模型/プラモデル,6-1-4
686,ミニカー,6-1-5
687,トイラジコン,6-1-6
688,プラモデル,6-1-7
689,ホビーラジコン,6-1-8
690,鉄道模型,6-1-9
691,その他,6-1-10
692,タレントグッズ,6-2
693,アイドル,6-2-1
694,ミュージシャン,6-2-2
695,タレント/お笑い芸人,6-2-3
696,スポーツ選手,6-2-4
697,その他,6-2-5
698,コミック/アニメグッズ,6-3
699,ストラップ,6-3-1
700,キーホルダー,6-3-2
701,バッジ,6-3-3
702,カード,6-3-4
703,クリアファイル,6-3-5
704,ポスター,6-3-6
705,タオル,6-3-7
706,その他,6-3-8
707,トレーディングカード,6-4
708,遊戯王,6-4-1
709,マジック：ザ・ギャザリング,6-4-2
710,ポケモンカードゲーム,6-4-3
711,デュエルマスターズ,6-4-4
712,バトルスピリッツ,6-4-5
713,プリパラ,6-4-6
714,アイカツ,6-4-7
715,カードファイト!! ヴァンガード,6-4-8
716,ヴァイスシュヴァルツ,6-4-9
717,プロ野球オーナーズリーグ,6-4-10
718,ベースボールヒーローズ,6-4-11
719,ドラゴンボール,6-4-12
720,スリーブ,6-4-13
721,その他,6-4-14
722,フィギュア,6-5
723,コミック/アニメ,6-5-1
724,特撮,6-5-2
725,ゲームキャラクター,6-5-3
726,SF/ファンタジー/ホラー,6-5-4
727,アメコミ,6-5-5
728,スポーツ,6-5-6
729,ミリタリー,6-5-7
730,その他,6-5-8
731,楽器/器材,6-6
732,エレキギター,6-6-1
733,アコースティックギター,6-6-2
734,ベース,6-6-3
735,エフェクター,6-6-4
736,アンプ,6-6-5
737,弦楽器,6-6-6
738,管楽器,6-6-7
739,鍵盤楽器,6-6-8
740,打楽器,6-6-9
741,和楽器,6-6-10
742,楽譜/スコア,6-6-11
743,レコーディング/PA機器,6-6-12
744,DJ機器,6-6-13
745,DTM/DAW,6-6-14
746,その他,6-6-15
747,コレクション,6-7
748,武具,6-7-1
749,使用済切手/官製はがき,6-7-2
750,旧貨幣/金貨/銀貨/記念硬貨,6-7-3
751,印刷物,6-7-4
752,ノベルティグッズ,6-7-5
753,その他,6-7-6
754,ミリタリー,6-8
755,トイガン,6-8-1
756,個人装備,6-8-2
757,その他,6-8-3
758,美術品,6-9
759,陶芸,6-9-1
760,ガラス,6-9-2
761,漆芸,6-9-3
762,金属工芸,6-9-4
763,絵画/タペストリ,6-9-5
764,版画,6-9-6
765,彫刻/オブジェクト,6-9-7
766,書,6-9-8
767,写真,6-9-9
768,その他,6-9-10
769,アート用品,6-10
770,画材,6-10-1
771,額縁,6-10-2
772,その他,6-10-3
773,その他,6-11
774,トランプ/UNO,6-11-1
775,カルタ/百人一首,6-11-2
776,ダーツ,6-11-3
777,ビリヤード,6-11-4
778,麻雀,6-11-5
779,パズル/ジグソーパズル,6-11-6
780,囲碁/将棋,6-11-7
781,オセロ/チェス,6-11-8
782,人生ゲーム,6-11-9
783,野球/サッカーゲーム,6-11-10
784,スポーツ,6-11-11
785,三輪車/乗り物,6-11-12
786,ヨーヨー,6-11-13
787,模型製作用品,6-11-14
788,鉄道,6-11-15
789,航空機,6-11-16
790,アマチュア無線,6-11-17
791,パチンコ/パチスロ,6-11-18
792,その他,6-11-19
793,コスメ・香水・美容,7
794,ベースメイク,7-1
795,ファンデーション,7-1-1
796,化粧下地,7-1-2
797,コントロールカラー,7-1-3
798,BBクリーム,7-1-4
799,CCクリーム,7-1-5
800,コンシーラー,7-1-6
801,フェイスパウダー,7-1-7
802,トライアルセット/サンプル,7-1-8
803,その他,7-1-9
804,メイクアップ,7-2
805,アイシャドウ,7-2-1
806,口紅,7-2-2
807,リップグロス,7-2-3
808,リップライナー,7-2-4
809,チーク,7-2-5
810,フェイスカラー,7-2-6
811,マスカラ,7-2-7
812,アイライナー,7-2-8
813,つけまつげ,7-2-9
814,アイブロウペンシル,7-2-10
815,パウダーアイブロウ,7-2-11
816,眉マスカラ,7-2-12
817,トライアルセット/サンプル,7-2-13
818,メイク道具/化粧小物,7-2-14
819,美顔用品/美顔ローラー,7-2-15
820,その他,7-2-16
821,ネイルケア,7-3
822,ネイルカラー,7-3-1
823,カラージェル,7-3-2
824,ネイルベースコート/トップコート,7-3-3
825,ネイルアート用品,7-3-4
826,ネイルパーツ,7-3-5
827,ネイルチップ/付け爪,7-3-6
828,手入れ用具,7-3-7
829,除光液,7-3-8
830,その他,7-3-9
831,香水,7-4
832,香水(女性用),7-4-1
833,香水(男性用),7-4-2
834,ユニセックス,7-4-3
835,ボディミスト,7-4-4
836,その他,7-4-5
837,スキンケア/基礎化粧品,7-5
838,化粧水/ローション,7-5-1
839,乳液/ミルク,7-5-2
840,美容液,7-5-3
841,フェイスクリーム,7-5-4
842,洗顔料,7-5-5
843,クレンジング/メイク落とし,7-5-6
844,パック/フェイスマスク,7-5-7
845,ジェル/ゲル,7-5-8
846,ブースター/導入液,7-5-9
847,アイケア,7-5-10
848,リップケア,7-5-11
849,トライアルセット/サンプル,7-5-12
850,洗顔グッズ,7-5-13
851,その他,7-5-14
852,ヘアケア,7-6
853,シャンプー,7-6-1
854,トリートメント,7-6-2
855,コンディショナー,7-6-3
856,リンス,7-6-4
857,スタイリング剤,7-6-5
858,カラーリング剤,7-6-6
859,ブラシ,7-6-7
860,その他,7-6-8
861,ボディケア,7-7
862,オイル/クリーム,7-7-1
863,ハンドクリーム,7-7-2
864,ローション,7-7-3
865,日焼け止め/サンオイル,7-7-4
866,ボディソープ,7-7-5
867,入浴剤,7-7-6
868,制汗/デオドラント,7-7-7
869,フットケア,7-7-8
870,その他,7-7-9
871,オーラルケア,7-8
872,口臭防止/エチケット用品,7-8-1
873,歯ブラシ,7-8-2
874,その他,7-8-3
875,リラクゼーション,7-9
876,エッセンシャルオイル,7-9-1
877,芳香器,7-9-2
878,お香/香炉,7-9-3
879,キャンドル,7-9-4
880,リラクゼーショングッズ,7-9-5
881,その他,7-9-6
882,ダイエット,7-10
883,ダイエット食品,7-10-1
884,エクササイズ用品,7-10-2
885,体重計,7-10-3
886,体脂肪計,7-10-4
887,その他,7-10-5
888,その他,7-11
889,健康用品,7-11-1
890,看護/介護用品,7-11-2
891,救急/衛生用品,7-11-3
892,その他,7-11-4
893,家電・スマホ・カメラ,8
894,スマートフォン/携帯電話,8-1
895,スマートフォン本体,8-1-1
896,バッテリー/充電器,8-1-2
897,携帯電話本体,8-1-3
898,PHS本体,8-1-4
899,その他,8-1-5
900,スマホアクセサリー,8-2
901,Android用ケース,8-2-1
902,iPhone用ケース,8-2-2
903,カバー,8-2-3
904,イヤホンジャック,8-2-4
905,ストラップ,8-2-5
906,フィルム,8-2-6
907,自撮り棒,8-2-7
908,その他,8-2-8
909,PC/タブレット,8-3
910,タブレット,8-3-1
911,ノートPC,8-3-2
912,デスクトップ型PC,8-3-3
913,ディスプレイ,8-3-4
914,電子ブックリーダー,8-3-5
915,PC周辺機器,8-3-6
916,PCパーツ,8-3-7
917,その他,8-3-8
918,カメラ,8-4
919,デジタルカメラ,8-4-1
920,ビデオカメラ,8-4-2
921,レンズ(単焦点),8-4-3
922,レンズ(ズーム),8-4-4
923,フィルムカメラ,8-4-5
924,防犯カメラ,8-4-6
925,その他,8-4-7
926,テレビ/映像機器,8-5
927,テレビ,8-5-1
928,プロジェクター,8-5-2
929,ブルーレイレコーダー,8-5-3
930,DVDレコーダー,8-5-4
931,ブルーレイプレーヤー,8-5-5
932,DVDプレーヤー,8-5-6
933,映像用ケーブル,8-5-7
934,その他,8-5-8
935,オーディオ機器,8-6
936,ポータブルプレーヤー,8-6-1
937,イヤフォン,8-6-2
938,ヘッドフォン,8-6-3
939,アンプ,8-6-4
940,スピーカー,8-6-5
941,ケーブル/シールド,8-6-6
942,ラジオ,8-6-7
943,その他,8-6-8
944,美容/健康,8-7
945,ヘアドライヤー,8-7-1
946,ヘアアイロン,8-7-2
947,美容機器,8-7-3
948,電気シェーバー,8-7-4
949,電動歯ブラシ,8-7-5
950,その他,8-7-6
951,冷暖房/空調,8-8
952,エアコン,8-8-1
953,空気清浄器,8-8-2
954,加湿器,8-8-3
955,扇風機,8-8-4
956,除湿機,8-8-5
957,ファンヒーター,8-8-6
958,電気ヒーター,8-8-7
959,オイルヒーター,8-8-8
960,ストーブ,8-8-9
961,ホットカーペット,8-8-10
962,こたつ,8-8-11
963,電気毛布,8-8-12
964,その他,8-8-13
965,生活家電,8-9
966,冷蔵庫,8-9-1
967,洗濯機,8-9-2
968,炊飯器,8-9-3
969,電子レンジ/オーブン,8-9-4
970,調理機器,8-9-5
971,アイロン,8-9-6
972,掃除機,8-9-7
973,エスプレッソマシン,8-9-8
974,コーヒーメーカー,8-9-9
975,衣類乾燥機,8-9-10
976,その他,8-9-11
977,その他,8-10
978,その他,8-10-1
979,スポーツ・レジャー,9
980,ゴルフ,9-1
981,クラブ,9-1-1
982,ウエア(男性用),9-1-2
983,ウエア(女性用),9-1-3
984,バッグ,9-1-4
985,シューズ(男性用),9-1-5
986,シューズ(女性用),9-1-6
987,アクセサリー,9-1-7
988,その他,9-1-8
989,フィッシング,9-2
990,ロッド,9-2-1
991,リール,9-2-2
992,ルアー用品,9-2-3
993,ウエア,9-2-4
994,釣り糸/ライン,9-2-5
995,その他,9-2-6
996,自転車,9-3
997,自転車本体,9-3-1
998,ウエア,9-3-2
999,パーツ,9-3-3
1000,アクセサリー,9-3-4
1001,バッグ,9-3-5
1002,工具/メンテナンス,9-3-6
1003,その他,9-3-7
1004,トレーニング/エクササイズ,9-4
1005,ランニング,9-4-1
1006,ウォーキング,9-4-2
1007,ヨガ,9-4-3
1008,トレーニング用品,9-4-4
1009,その他,9-4-5
1010,野球,9-5
1011,ウェア,9-5-1
1012,シューズ,9-5-2
1013,グローブ,9-5-3
1014,バット,9-5-4
1015,アクセサリー,9-5-5
1016,防具,9-5-6
1017,練習機器,9-5-7
1018,記念グッズ,9-5-8
1019,応援グッズ,9-5-9
1020,その他,9-5-10
1021,サッカー/フットサル,9-6
1022,ウェア,9-6-1
1023,シューズ,9-6-2
1024,ボール,9-6-3
1025,アクセサリー,9-6-4
1026,記念グッズ,9-6-5
1027,応援グッズ,9-6-6
1028,その他,9-6-7
1029,テニス,9-7
1030,ラケット(硬式用),9-7-1
1031,ラケット(軟式用),9-7-2
1032,ウェア,9-7-3
1033,シューズ,9-7-4
1034,ボール,9-7-5
1035,アクセサリー,9-7-6
1036,記念グッズ,9-7-7
1037,応援グッズ,9-7-8
1038,その他,9-7-9
1039,スノーボード,9-8
1040,ボード,9-8-1
1041,バインディング,9-8-2
1042,ブーツ(男性用),9-8-3
1043,ブーツ(女性用),9-8-4
1044,ブーツ(子ども用),9-8-5
1045,ウエア/装備(男性用),9-8-6
1046,ウエア/装備(女性用),9-8-7
1047,ウエア/装備(子ども用),9-8-8
1048,アクセサリー,9-8-9
1049,バッグ,9-8-10
1050,その他,9-8-11
1051,スキー,9-9
1052,板,9-9-1
1053,ブーツ(男性用),9-9-2
1054,ブーツ(女性用),9-9-3
1055,ブーツ(子ども用),9-9-4
1056,ビンディング,9-9-5
1057,ウエア(男性用),9-9-6
1058,ウエア(女性用),9-9-7
1059,ウエア(子ども用),9-9-8
1060,ストック,9-9-9
1061,その他,9-9-10
1062,その他スポーツ,9-10
1063,ダンス/バレエ,9-10-1
1064,サーフィン,9-10-2
1065,バスケットボール,9-10-3
1066,バドミントン,9-10-4
1067,バレーボール,9-10-5
1068,スケートボード,9-10-6
1069,陸上競技,9-10-7
1070,ラグビー,9-10-8
1071,アメリカンフットボール,9-10-9
1072,ボクシング,9-10-10
1073,ボウリング,9-10-11
1074,その他,9-10-12
1075,アウトドア,9-11
1076,テント/タープ,9-11-1
1077,ライト/ランタン,9-11-2
1078,寝袋/寝具,9-11-3
1079,テーブル/チェア,9-11-4
1080,ストーブ/コンロ,9-11-5
1081,調理器具,9-11-6
1082,食器,9-11-7
1083,登山用品,9-11-8
1084,その他,9-11-9
1085,その他,9-12
1086,旅行用品,9-12-1
1087,その他,9-12-2
1088,ハンドメイド,10
1089,アクセサリー(女性用),10-1
1090,ピアス,10-1-1
1091,イヤリング,10-1-2
1092,ネックレス,10-1-3
1093,ブレスレット,10-1-4
1094,リング,10-1-5
1095,チャーム,10-1-6
1096,ヘアゴム,10-1-7
1097,アンクレット,10-1-8
1098,その他,10-1-9
1099,ファッション/小物,10-2
1100,バッグ(女性用),10-2-1
1101,バッグ(男性用),10-2-2
1102,財布(女性用),10-2-3
1103,財布(男性用),10-2-4
1104,ファッション雑貨,10-2-5
1105,その他,10-2-6
1106,アクセサリー/時計,10-3
1107,アクセサリー(男性用),10-3-1
1108,時計(女性用),10-3-2
1109,時計(男性用),10-3-3
1110,その他,10-3-4
1111,日用品/インテリア,10-4
1112,キッチン用品,10-4-1
1113,家具,10-4-2
1114,文房具,10-4-3
1115,アート/写真,10-4-4
1116,アロマ/キャンドル,10-4-5
1117,フラワー/ガーデン,10-4-6
1118,その他,10-4-7
1119,趣味/おもちゃ,10-5
1120,クラフト/布製品,10-5-1
1121,おもちゃ/人形,10-5-2
1122,その他,10-5-3
1123,キッズ/ベビー,10-6
1124,ファッション雑貨,10-6-1
1125,スタイ/よだれかけ,10-6-2
1126,外出用品,10-6-3
1127,ネームタグ,10-6-4
1128,その他,10-6-5
1129,素材/材料,10-7
1130,各種パーツ,10-7-1
1131,生地/糸,10-7-2
1132,型紙/パターン,10-7-3
1133,その他,10-7-4
1134,二次創作物,10-8
1135,Ingress,10-8-1
1136,クリエイターズ宇宙兄弟,10-8-2
1137,シンデレラガールズCPグッズ,10-8-3
1138,その他,10-9
1139,チケット,11
1140,音楽  ,11-1
1141,男性アイドル,11-1-1
1142,女性アイドル,11-1-2
1143,韓流,11-1-3
1144,国内アーティスト,11-1-4
1145,海外アーティスト,11-1-5
1146,音楽フェス,11-1-6
1147,声優/アニメ,11-1-7
1148,その他,11-1-8
1149,スポーツ,11-2
1150,サッカー,11-2-1
1151,野球,11-2-2
1152,テニス,11-2-3
1153,格闘技/プロレス,11-2-4
1154,相撲/武道,11-2-5
1155,ゴルフ,11-2-6
1156,バレーボール,11-2-7
1157,バスケットボール,11-2-8
1158,モータースポーツ,11-2-9
1159,ウィンタースポーツ,11-2-10
1160,その他,11-2-11
1161,演劇/芸能,11-3
1162,ミュージカル,11-3-1
1163,演劇,11-3-2
1164,伝統芸能,11-3-3
1165,落語,11-3-4
1166,お笑い,11-3-5
1167,オペラ,11-3-6
1168,サーカス,11-3-7
1169,バレエ,11-3-8
1170,その他,11-3-9
1171,イベント,11-4
1172,声優/アニメ,11-4-1
1173,キッズ/ファミリー,11-4-2
1174,トークショー/講演会,11-4-3
1175,その他,11-4-4
1176,映画,11-5
1177,邦画,11-5-1
1178,洋画,11-5-2
1179,その他,11-5-3
1180,施設利用券,11-6
1181,遊園地/テーマパーク,11-6-1
1182,美術館/博物館,11-6-2
1183,スキー場,11-6-3
1184,ゴルフ場,11-6-4
1185,フィットネスクラブ,11-6-5
1186,プール,11-6-6
1187,ボウリング場,11-6-7
1188,水族館,11-6-8
1189,動物園,11-6-9
1190,その他,11-6-10
1191,優待券/割引券,11-7
1192,ショッピング,11-7-1
1193,レストラン/食事券,11-7-2
1194,フード/ドリンク券,11-7-3
1195,宿泊券,11-7-4
1196,その他,11-7-5
1197,その他,11-8
1198,自動車・オートバイ,12
1199,自動車本体,12-1
1200,国内自動車本体,12-1-1
1201,外国自動車本体,12-1-2
1202,自動車タイヤ/ホイール,12-2
1203,タイヤ/ホイールセット,12-2-1
1204,タイヤ,12-2-2
1205,ホイール,12-2-3
1206,その他,12-2-4
1207,自動車パーツ,12-3
1208,サスペンション,12-3-1
1209,ブレーキ,12-3-2
1210,外装、エアロパーツ,12-3-3
1211,ライト,12-3-4
1212,内装品、シート,12-3-5
1213,ステアリング,12-3-6
1214,マフラー・排気系,12-3-7
1215,エンジン、過給器、冷却装置,12-3-8
1216,クラッチ、ミッション、駆動系,12-3-9
1217,電装品,12-3-10
1218,補強パーツ,12-3-11
1219,汎用パーツ,12-3-12
1220,外国自動車用パーツ,12-3-13
1221,その他,12-3-14
1222,自動車アクセサリー,12-4
1223,車内アクセサリー,12-4-1
1224,カーナビ,12-4-2
1225,カーオーディオ,12-4-3
1226,車外アクセサリー,12-4-4
1227,メンテナンス用品,12-4-5
1228,チャイルドシート,12-4-6
1229,ドライブレコーダー,12-4-7
1230,レーダー探知機,12-4-8
1231,カタログ/マニュアル,12-4-9
1232,セキュリティ,12-4-10
1233,ETC,12-4-11
1234,その他,12-4-12
1235,オートバイ車体,12-5
1236,オートバイパーツ,12-6
1237,タイヤ,12-6-1
1238,マフラー,12-6-2
1239,エンジン、冷却装置,12-6-3
1240,カウル、フェンダー、外装,12-6-4
1241,サスペンション,12-6-5
1242,ホイール,12-6-6
1243,シート,12-6-7
1244,ブレーキ,12-6-8
1245,タンク,12-6-9
1246,ライト、ウィンカー,12-6-10
1247,チェーン、スプロケット、駆動系,12-6-11
1248,メーター,12-6-12
1249,電装系,12-6-13
1250,ミラー,12-6-14
1251,外国オートバイ用パーツ,12-6-15
1252,その他,12-6-16
1253,オートバイアクセサリー,12-7
1254,ヘルメット/シールド,12-7-1
1255,バイクウエア/装備,12-7-2
1256,アクセサリー,12-7-3
1257,メンテナンス,12-7-4
1258,カタログ/マニュアル,12-7-5
1259,その他,12-7-6
1260,その他,13
1261,まとめ売り,13-1
1262,ペット用品,13-2
1263,ペットフード,13-2-1
1264,犬用品,13-2-2
1265,猫用品,13-2-3
1266,魚用品/水草,13-2-4
1267,小動物用品,13-2-5
1268,爬虫類/両生類用品,13-2-6
1269,かご/おり,13-2-7
1270,鳥用品,13-2-8
1271,虫類用品,13-2-9
1272,その他,13-2-10
1273,食品,13-3
1274,菓子,13-3-1
1275,米,13-3-2
1276,野菜,13-3-3
1277,果物,13-3-4
1278,調味料,13-3-5
1279,魚介類(加工食品),13-3-6
1280,肉類(加工食品),13-3-7
1281,その他 加工食品,13-3-8
1282,その他,13-3-9
1283,飲料/酒,13-4
1284,コーヒー,13-4-1
1285,ソフトドリンク,13-4-2
1286,ミネラルウォーター,13-4-3
1287,茶,13-4-4
1288,ウイスキー,13-4-5
1289,ワイン,13-4-6
1290,ブランデー,13-4-7
1291,焼酎,13-4-8
1292,日本酒,13-4-9
1293,ビール、発泡酒,13-4-10
1294,その他,13-4-11
1295,日用品/生活雑貨/旅行,13-5
1296,タオル/バス用品,13-5-1
1297,日用品/生活雑貨,13-5-2
1298,洗剤/柔軟剤,13-5-3
1299,旅行用品,13-5-4
1300,防災関連グッズ,13-5-5
1301,その他,13-5-6
1302,アンティーク/コレクション,13-6
1303,雑貨,13-6-1
1304,工芸品,13-6-2
1305,家具,13-6-3
1306,印刷物,13-6-4
1307,その他,13-6-5
1308,文房具/事務用品,13-7
1309,筆記具,13-7-1
1310,ノート/メモ帳,13-7-2
1311,テープ/マスキングテープ,13-7-3
1312,カレンダー/スケジュール,13-7-4
1313,アルバム/スクラップ,13-7-5
1314,ファイル/バインダー,13-7-6
1315,はさみ/カッター,13-7-7
1316,カードホルダー/名刺管理,13-7-8
1317,のり/ホッチキス,13-7-9
1318,その他,13-7-10
1319,事務/店舗用品,13-8
1320,オフィス用品一般,13-8-1
1321,オフィス家具,13-8-2
1322,店舗用品,13-8-3
1323,OA機器,13-8-4
1324,ラッピング/包装,13-8-5
1325,その他,13-8-6
1326,その他,13-9
